,gender,emotion,actor,path
0,male,neutral,1,C:\Users\mahan\Desktop\Code\\RAVDEES\\Actor_01/03-01-01-01-01-01-01.wav
1,male,neutral,1,C:\Users\mahan\Desktop\Code\\RAVDEES\\Actor_01/03-01-01-01-01-02-01.wav
2,male,neutral,1,C:\Users\mahan\Desktop\Code\\RAVDEES\\Actor_01/03-01-01-01-02-01-01.wav
3,male,neutral,1,C:\Users\mahan\Desktop\Code\\RAVDEES\\Actor_01/03-01-01-01-02-02-01.wav
4,male,calm,1,C:\Users\mahan\Desktop\Code\\RAVDEES\\Actor_01/03-01-02-01-01-01-01.wav
5,male,calm,1,C:\Users\mahan\Desktop\Code\\RAVDEES\\Actor_01/03-01-02-01-01-02-01.wav
6,male,calm,1,C:\Users\mahan\Desktop\Code\\RAVDEES\\Actor_01/03-01-02-01-02-01-01.wav
7,male,calm,1,C:\Users\mahan\Desktop\Code\\RAVDEES\\Actor_01/03-01-02-01-02-02-01.wav
8,male,calm,1,C:\Users\mahan\Desktop\Code\\RAVDEES\\Actor_01/03-01-02-02-01-01-01.wav
9,male,calm,1,C:\Users\mahan\Desktop\Code\\RAVDEES\\Actor_01/03-01-02-02-01-02-01.wav
10,male,calm,1,C:\Users\mahan\Desktop\Code\\RAVDEES\\Actor_01/03-01-02-02-02-01-01.wav
11,male,calm,1,C:\Users\mahan\Desktop\Code\\RAVDEES\\Actor_01/03-01-02-02-02-02-01.wav
12,male,happy,1,C:\Users\mahan\Desktop\Code\\RAVDEES\\Actor_01/03-01-03-01-01-01-01.wav
13,male,happy,1,C:\Users\mahan\Desktop\Code\\RAVDEES\\Actor_01/03-01-03-01-01-02-01.wav
14,male,happy,1,C:\Users\mahan\Desktop\Code\\RAVDEES\\Actor_01/03-01-03-01-02-01-01.wav
15,male,happy,1,C:\Users\mahan\Desktop\Code\\RAVDEES\\Actor_01/03-01-03-01-02-02-01.wav
16,male,happy,1,C:\Users\mahan\Desktop\Code\\RAVDEES\\Actor_01/03-01-03-02-01-01-01.wav
17,male,happy,1,C:\Users\mahan\Desktop\Code\\RAVDEES\\Actor_01/03-01-03-02-01-02-01.wav
18,male,happy,1,C:\Users\mahan\Desktop\Code\\RAVDEES\\Actor_01/03-01-03-02-02-01-01.wav
19,male,happy,1,C:\Users\mahan\Desktop\Code\\RAVDEES\\Actor_01/03-01-03-02-02-02-01.wav
20,male,sad,1,C:\Users\mahan\Desktop\Code\\RAVDEES\\Actor_01/03-01-04-01-01-01-01.wav
21,male,sad,1,C:\Users\mahan\Desktop\Code\\RAVDEES\\Actor_01/03-01-04-01-01-02-01.wav
22,male,sad,1,C:\Users\mahan\Desktop\Code\\RAVDEES\\Actor_01/03-01-04-01-02-01-01.wav
23,male,sad,1,C:\Users\mahan\Desktop\Code\\RAVDEES\\Actor_01/03-01-04-01-02-02-01.wav
24,male,sad,1,C:\Users\mahan\Desktop\Code\\RAVDEES\\Actor_01/03-01-04-02-01-01-01.wav
25,male,sad,1,C:\Users\mahan\Desktop\Code\\RAVDEES\\Actor_01/03-01-04-02-01-02-01.wav
26,male,sad,1,C:\Users\mahan\Desktop\Code\\RAVDEES\\Actor_01/03-01-04-02-02-01-01.wav
27,male,sad,1,C:\Users\mahan\Desktop\Code\\RAVDEES\\Actor_01/03-01-04-02-02-02-01.wav
28,male,angry,1,C:\Users\mahan\Desktop\Code\\RAVDEES\\Actor_01/03-01-05-01-01-01-01.wav
29,male,angry,1,C:\Users\mahan\Desktop\Code\\RAVDEES\\Actor_01/03-01-05-01-01-02-01.wav
30,male,angry,1,C:\Users\mahan\Desktop\Code\\RAVDEES\\Actor_01/03-01-05-01-02-01-01.wav
31,male,angry,1,C:\Users\mahan\Desktop\Code\\RAVDEES\\Actor_01/03-01-05-01-02-02-01.wav
32,male,angry,1,C:\Users\mahan\Desktop\Code\\RAVDEES\\Actor_01/03-01-05-02-01-01-01.wav
33,male,angry,1,C:\Users\mahan\Desktop\Code\\RAVDEES\\Actor_01/03-01-05-02-01-02-01.wav
34,male,angry,1,C:\Users\mahan\Desktop\Code\\RAVDEES\\Actor_01/03-01-05-02-02-01-01.wav
35,male,angry,1,C:\Users\mahan\Desktop\Code\\RAVDEES\\Actor_01/03-01-05-02-02-02-01.wav
36,male,fear,1,C:\Users\mahan\Desktop\Code\\RAVDEES\\Actor_01/03-01-06-01-01-01-01.wav
37,male,fear,1,C:\Users\mahan\Desktop\Code\\RAVDEES\\Actor_01/03-01-06-01-01-02-01.wav
38,male,fear,1,C:\Users\mahan\Desktop\Code\\RAVDEES\\Actor_01/03-01-06-01-02-01-01.wav
39,male,fear,1,C:\Users\mahan\Desktop\Code\\RAVDEES\\Actor_01/03-01-06-01-02-02-01.wav
40,male,fear,1,C:\Users\mahan\Desktop\Code\\RAVDEES\\Actor_01/03-01-06-02-01-01-01.wav
41,male,fear,1,C:\Users\mahan\Desktop\Code\\RAVDEES\\Actor_01/03-01-06-02-01-02-01.wav
42,male,fear,1,C:\Users\mahan\Desktop\Code\\RAVDEES\\Actor_01/03-01-06-02-02-01-01.wav
43,male,fear,1,C:\Users\mahan\Desktop\Code\\RAVDEES\\Actor_01/03-01-06-02-02-02-01.wav
44,male,disgust,1,C:\Users\mahan\Desktop\Code\\RAVDEES\\Actor_01/03-01-07-01-01-01-01.wav
45,male,disgust,1,C:\Users\mahan\Desktop\Code\\RAVDEES\\Actor_01/03-01-07-01-01-02-01.wav
46,male,disgust,1,C:\Users\mahan\Desktop\Code\\RAVDEES\\Actor_01/03-01-07-01-02-01-01.wav
47,male,disgust,1,C:\Users\mahan\Desktop\Code\\RAVDEES\\Actor_01/03-01-07-01-02-02-01.wav
48,male,disgust,1,C:\Users\mahan\Desktop\Code\\RAVDEES\\Actor_01/03-01-07-02-01-01-01.wav
49,male,disgust,1,C:\Users\mahan\Desktop\Code\\RAVDEES\\Actor_01/03-01-07-02-01-02-01.wav
50,male,disgust,1,C:\Users\mahan\Desktop\Code\\RAVDEES\\Actor_01/03-01-07-02-02-01-01.wav
51,male,disgust,1,C:\Users\mahan\Desktop\Code\\RAVDEES\\Actor_01/03-01-07-02-02-02-01.wav
52,male,surprise,1,C:\Users\mahan\Desktop\Code\\RAVDEES\\Actor_01/03-01-08-01-01-01-01.wav
53,male,surprise,1,C:\Users\mahan\Desktop\Code\\RAVDEES\\Actor_01/03-01-08-01-01-02-01.wav
54,male,surprise,1,C:\Users\mahan\Desktop\Code\\RAVDEES\\Actor_01/03-01-08-01-02-01-01.wav
55,male,surprise,1,C:\Users\mahan\Desktop\Code\\RAVDEES\\Actor_01/03-01-08-01-02-02-01.wav
56,male,surprise,1,C:\Users\mahan\Desktop\Code\\RAVDEES\\Actor_01/03-01-08-02-01-01-01.wav
57,male,surprise,1,C:\Users\mahan\Desktop\Code\\RAVDEES\\Actor_01/03-01-08-02-01-02-01.wav
58,male,surprise,1,C:\Users\mahan\Desktop\Code\\RAVDEES\\Actor_01/03-01-08-02-02-01-01.wav
59,male,surprise,1,C:\Users\mahan\Desktop\Code\\RAVDEES\\Actor_01/03-01-08-02-02-02-01.wav
60,female,neutral,2,C:\Users\mahan\Desktop\Code\\RAVDEES\\Actor_02/03-01-01-01-01-01-02.wav
61,female,neutral,2,C:\Users\mahan\Desktop\Code\\RAVDEES\\Actor_02/03-01-01-01-01-02-02.wav
62,female,neutral,2,C:\Users\mahan\Desktop\Code\\RAVDEES\\Actor_02/03-01-01-01-02-01-02.wav
63,female,neutral,2,C:\Users\mahan\Desktop\Code\\RAVDEES\\Actor_02/03-01-01-01-02-02-02.wav
64,female,calm,2,C:\Users\mahan\Desktop\Code\\RAVDEES\\Actor_02/03-01-02-01-01-01-02.wav
65,female,calm,2,C:\Users\mahan\Desktop\Code\\RAVDEES\\Actor_02/03-01-02-01-01-02-02.wav
66,female,calm,2,C:\Users\mahan\Desktop\Code\\RAVDEES\\Actor_02/03-01-02-01-02-01-02.wav
67,female,calm,2,C:\Users\mahan\Desktop\Code\\RAVDEES\\Actor_02/03-01-02-01-02-02-02.wav
68,female,calm,2,C:\Users\mahan\Desktop\Code\\RAVDEES\\Actor_02/03-01-02-02-01-01-02.wav
69,female,calm,2,C:\Users\mahan\Desktop\Code\\RAVDEES\\Actor_02/03-01-02-02-01-02-02.wav
70,female,calm,2,C:\Users\mahan\Desktop\Code\\RAVDEES\\Actor_02/03-01-02-02-02-01-02.wav
71,female,calm,2,C:\Users\mahan\Desktop\Code\\RAVDEES\\Actor_02/03-01-02-02-02-02-02.wav
72,female,happy,2,C:\Users\mahan\Desktop\Code\\RAVDEES\\Actor_02/03-01-03-01-01-01-02.wav
73,female,happy,2,C:\Users\mahan\Desktop\Code\\RAVDEES\\Actor_02/03-01-03-01-01-02-02.wav
74,female,happy,2,C:\Users\mahan\Desktop\Code\\RAVDEES\\Actor_02/03-01-03-01-02-01-02.wav
75,female,happy,2,C:\Users\mahan\Desktop\Code\\RAVDEES\\Actor_02/03-01-03-01-02-02-02.wav
76,female,happy,2,C:\Users\mahan\Desktop\Code\\RAVDEES\\Actor_02/03-01-03-02-01-01-02.wav
77,female,happy,2,C:\Users\mahan\Desktop\Code\\RAVDEES\\Actor_02/03-01-03-02-01-02-02.wav
78,female,happy,2,C:\Users\mahan\Desktop\Code\\RAVDEES\\Actor_02/03-01-03-02-02-01-02.wav
79,female,happy,2,C:\Users\mahan\Desktop\Code\\RAVDEES\\Actor_02/03-01-03-02-02-02-02.wav
80,female,sad,2,C:\Users\mahan\Desktop\Code\\RAVDEES\\Actor_02/03-01-04-01-01-01-02.wav
81,female,sad,2,C:\Users\mahan\Desktop\Code\\RAVDEES\\Actor_02/03-01-04-01-01-02-02.wav
82,female,sad,2,C:\Users\mahan\Desktop\Code\\RAVDEES\\Actor_02/03-01-04-01-02-01-02.wav
83,female,sad,2,C:\Users\mahan\Desktop\Code\\RAVDEES\\Actor_02/03-01-04-01-02-02-02.wav
84,female,sad,2,C:\Users\mahan\Desktop\Code\\RAVDEES\\Actor_02/03-01-04-02-01-01-02.wav
85,female,sad,2,C:\Users\mahan\Desktop\Code\\RAVDEES\\Actor_02/03-01-04-02-01-02-02.wav
86,female,sad,2,C:\Users\mahan\Desktop\Code\\RAVDEES\\Actor_02/03-01-04-02-02-01-02.wav
87,female,sad,2,C:\Users\mahan\Desktop\Code\\RAVDEES\\Actor_02/03-01-04-02-02-02-02.wav
88,female,angry,2,C:\Users\mahan\Desktop\Code\\RAVDEES\\Actor_02/03-01-05-01-01-01-02.wav
89,female,angry,2,C:\Users\mahan\Desktop\Code\\RAVDEES\\Actor_02/03-01-05-01-01-02-02.wav
90,female,angry,2,C:\Users\mahan\Desktop\Code\\RAVDEES\\Actor_02/03-01-05-01-02-01-02.wav
91,female,angry,2,C:\Users\mahan\Desktop\Code\\RAVDEES\\Actor_02/03-01-05-01-02-02-02.wav
92,female,angry,2,C:\Users\mahan\Desktop\Code\\RAVDEES\\Actor_02/03-01-05-02-01-01-02.wav
93,female,angry,2,C:\Users\mahan\Desktop\Code\\RAVDEES\\Actor_02/03-01-05-02-01-02-02.wav
94,female,angry,2,C:\Users\mahan\Desktop\Code\\RAVDEES\\Actor_02/03-01-05-02-02-01-02.wav
95,female,angry,2,C:\Users\mahan\Desktop\Code\\RAVDEES\\Actor_02/03-01-05-02-02-02-02.wav
96,female,fear,2,C:\Users\mahan\Desktop\Code\\RAVDEES\\Actor_02/03-01-06-01-01-01-02.wav
97,female,fear,2,C:\Users\mahan\Desktop\Code\\RAVDEES\\Actor_02/03-01-06-01-01-02-02.wav
98,female,fear,2,C:\Users\mahan\Desktop\Code\\RAVDEES\\Actor_02/03-01-06-01-02-01-02.wav
99,female,fear,2,C:\Users\mahan\Desktop\Code\\RAVDEES\\Actor_02/03-01-06-01-02-02-02.wav
100,female,fear,2,C:\Users\mahan\Desktop\Code\\RAVDEES\\Actor_02/03-01-06-02-01-01-02.wav
101,female,fear,2,C:\Users\mahan\Desktop\Code\\RAVDEES\\Actor_02/03-01-06-02-01-02-02.wav
102,female,fear,2,C:\Users\mahan\Desktop\Code\\RAVDEES\\Actor_02/03-01-06-02-02-01-02.wav
103,female,fear,2,C:\Users\mahan\Desktop\Code\\RAVDEES\\Actor_02/03-01-06-02-02-02-02.wav
104,female,disgust,2,C:\Users\mahan\Desktop\Code\\RAVDEES\\Actor_02/03-01-07-01-01-01-02.wav
105,female,disgust,2,C:\Users\mahan\Desktop\Code\\RAVDEES\\Actor_02/03-01-07-01-01-02-02.wav
106,female,disgust,2,C:\Users\mahan\Desktop\Code\\RAVDEES\\Actor_02/03-01-07-01-02-01-02.wav
107,female,disgust,2,C:\Users\mahan\Desktop\Code\\RAVDEES\\Actor_02/03-01-07-01-02-02-02.wav
108,female,disgust,2,C:\Users\mahan\Desktop\Code\\RAVDEES\\Actor_02/03-01-07-02-01-01-02.wav
109,female,disgust,2,C:\Users\mahan\Desktop\Code\\RAVDEES\\Actor_02/03-01-07-02-01-02-02.wav
110,female,disgust,2,C:\Users\mahan\Desktop\Code\\RAVDEES\\Actor_02/03-01-07-02-02-01-02.wav
111,female,disgust,2,C:\Users\mahan\Desktop\Code\\RAVDEES\\Actor_02/03-01-07-02-02-02-02.wav
112,female,surprise,2,C:\Users\mahan\Desktop\Code\\RAVDEES\\Actor_02/03-01-08-01-01-01-02.wav
113,female,surprise,2,C:\Users\mahan\Desktop\Code\\RAVDEES\\Actor_02/03-01-08-01-01-02-02.wav
114,female,surprise,2,C:\Users\mahan\Desktop\Code\\RAVDEES\\Actor_02/03-01-08-01-02-01-02.wav
115,female,surprise,2,C:\Users\mahan\Desktop\Code\\RAVDEES\\Actor_02/03-01-08-01-02-02-02.wav
116,female,surprise,2,C:\Users\mahan\Desktop\Code\\RAVDEES\\Actor_02/03-01-08-02-01-01-02.wav
117,female,surprise,2,C:\Users\mahan\Desktop\Code\\RAVDEES\\Actor_02/03-01-08-02-01-02-02.wav
118,female,surprise,2,C:\Users\mahan\Desktop\Code\\RAVDEES\\Actor_02/03-01-08-02-02-01-02.wav
119,female,surprise,2,C:\Users\mahan\Desktop\Code\\RAVDEES\\Actor_02/03-01-08-02-02-02-02.wav
120,male,neutral,3,C:\Users\mahan\Desktop\Code\\RAVDEES\\Actor_03/03-01-01-01-01-01-03.wav
121,male,neutral,3,C:\Users\mahan\Desktop\Code\\RAVDEES\\Actor_03/03-01-01-01-01-02-03.wav
122,male,neutral,3,C:\Users\mahan\Desktop\Code\\RAVDEES\\Actor_03/03-01-01-01-02-01-03.wav
123,male,neutral,3,C:\Users\mahan\Desktop\Code\\RAVDEES\\Actor_03/03-01-01-01-02-02-03.wav
124,male,calm,3,C:\Users\mahan\Desktop\Code\\RAVDEES\\Actor_03/03-01-02-01-01-01-03.wav
125,male,calm,3,C:\Users\mahan\Desktop\Code\\RAVDEES\\Actor_03/03-01-02-01-01-02-03.wav
126,male,calm,3,C:\Users\mahan\Desktop\Code\\RAVDEES\\Actor_03/03-01-02-01-02-01-03.wav
127,male,calm,3,C:\Users\mahan\Desktop\Code\\RAVDEES\\Actor_03/03-01-02-01-02-02-03.wav
128,male,calm,3,C:\Users\mahan\Desktop\Code\\RAVDEES\\Actor_03/03-01-02-02-01-01-03.wav
129,male,calm,3,C:\Users\mahan\Desktop\Code\\RAVDEES\\Actor_03/03-01-02-02-01-02-03.wav
130,male,calm,3,C:\Users\mahan\Desktop\Code\\RAVDEES\\Actor_03/03-01-02-02-02-01-03.wav
131,male,calm,3,C:\Users\mahan\Desktop\Code\\RAVDEES\\Actor_03/03-01-02-02-02-02-03.wav
132,male,happy,3,C:\Users\mahan\Desktop\Code\\RAVDEES\\Actor_03/03-01-03-01-01-01-03.wav
133,male,happy,3,C:\Users\mahan\Desktop\Code\\RAVDEES\\Actor_03/03-01-03-01-01-02-03.wav
134,male,happy,3,C:\Users\mahan\Desktop\Code\\RAVDEES\\Actor_03/03-01-03-01-02-01-03.wav
135,male,happy,3,C:\Users\mahan\Desktop\Code\\RAVDEES\\Actor_03/03-01-03-01-02-02-03.wav
136,male,happy,3,C:\Users\mahan\Desktop\Code\\RAVDEES\\Actor_03/03-01-03-02-01-01-03.wav
137,male,happy,3,C:\Users\mahan\Desktop\Code\\RAVDEES\\Actor_03/03-01-03-02-01-02-03.wav
138,male,happy,3,C:\Users\mahan\Desktop\Code\\RAVDEES\\Actor_03/03-01-03-02-02-01-03.wav
139,male,happy,3,C:\Users\mahan\Desktop\Code\\RAVDEES\\Actor_03/03-01-03-02-02-02-03.wav
140,male,sad,3,C:\Users\mahan\Desktop\Code\\RAVDEES\\Actor_03/03-01-04-01-01-01-03.wav
141,male,sad,3,C:\Users\mahan\Desktop\Code\\RAVDEES\\Actor_03/03-01-04-01-01-02-03.wav
142,male,sad,3,C:\Users\mahan\Desktop\Code\\RAVDEES\\Actor_03/03-01-04-01-02-01-03.wav
143,male,sad,3,C:\Users\mahan\Desktop\Code\\RAVDEES\\Actor_03/03-01-04-01-02-02-03.wav
144,male,sad,3,C:\Users\mahan\Desktop\Code\\RAVDEES\\Actor_03/03-01-04-02-01-01-03.wav
145,male,sad,3,C:\Users\mahan\Desktop\Code\\RAVDEES\\Actor_03/03-01-04-02-01-02-03.wav
146,male,sad,3,C:\Users\mahan\Desktop\Code\\RAVDEES\\Actor_03/03-01-04-02-02-01-03.wav
147,male,sad,3,C:\Users\mahan\Desktop\Code\\RAVDEES\\Actor_03/03-01-04-02-02-02-03.wav
148,male,angry,3,C:\Users\mahan\Desktop\Code\\RAVDEES\\Actor_03/03-01-05-01-01-01-03.wav
149,male,angry,3,C:\Users\mahan\Desktop\Code\\RAVDEES\\Actor_03/03-01-05-01-01-02-03.wav
150,male,angry,3,C:\Users\mahan\Desktop\Code\\RAVDEES\\Actor_03/03-01-05-01-02-01-03.wav
151,male,angry,3,C:\Users\mahan\Desktop\Code\\RAVDEES\\Actor_03/03-01-05-01-02-02-03.wav
152,male,angry,3,C:\Users\mahan\Desktop\Code\\RAVDEES\\Actor_03/03-01-05-02-01-01-03.wav
153,male,angry,3,C:\Users\mahan\Desktop\Code\\RAVDEES\\Actor_03/03-01-05-02-01-02-03.wav
154,male,angry,3,C:\Users\mahan\Desktop\Code\\RAVDEES\\Actor_03/03-01-05-02-02-01-03.wav
155,male,angry,3,C:\Users\mahan\Desktop\Code\\RAVDEES\\Actor_03/03-01-05-02-02-02-03.wav
156,male,fear,3,C:\Users\mahan\Desktop\Code\\RAVDEES\\Actor_03/03-01-06-01-01-01-03.wav
157,male,fear,3,C:\Users\mahan\Desktop\Code\\RAVDEES\\Actor_03/03-01-06-01-01-02-03.wav
158,male,fear,3,C:\Users\mahan\Desktop\Code\\RAVDEES\\Actor_03/03-01-06-01-02-01-03.wav
159,male,fear,3,C:\Users\mahan\Desktop\Code\\RAVDEES\\Actor_03/03-01-06-01-02-02-03.wav
160,male,fear,3,C:\Users\mahan\Desktop\Code\\RAVDEES\\Actor_03/03-01-06-02-01-01-03.wav
161,male,fear,3,C:\Users\mahan\Desktop\Code\\RAVDEES\\Actor_03/03-01-06-02-01-02-03.wav
162,male,fear,3,C:\Users\mahan\Desktop\Code\\RAVDEES\\Actor_03/03-01-06-02-02-01-03.wav
163,male,fear,3,C:\Users\mahan\Desktop\Code\\RAVDEES\\Actor_03/03-01-06-02-02-02-03.wav
164,male,disgust,3,C:\Users\mahan\Desktop\Code\\RAVDEES\\Actor_03/03-01-07-01-01-01-03.wav
165,male,disgust,3,C:\Users\mahan\Desktop\Code\\RAVDEES\\Actor_03/03-01-07-01-01-02-03.wav
166,male,disgust,3,C:\Users\mahan\Desktop\Code\\RAVDEES\\Actor_03/03-01-07-01-02-01-03.wav
167,male,disgust,3,C:\Users\mahan\Desktop\Code\\RAVDEES\\Actor_03/03-01-07-01-02-02-03.wav
168,male,disgust,3,C:\Users\mahan\Desktop\Code\\RAVDEES\\Actor_03/03-01-07-02-01-01-03.wav
169,male,disgust,3,C:\Users\mahan\Desktop\Code\\RAVDEES\\Actor_03/03-01-07-02-01-02-03.wav
170,male,disgust,3,C:\Users\mahan\Desktop\Code\\RAVDEES\\Actor_03/03-01-07-02-02-01-03.wav
171,male,disgust,3,C:\Users\mahan\Desktop\Code\\RAVDEES\\Actor_03/03-01-07-02-02-02-03.wav
172,male,surprise,3,C:\Users\mahan\Desktop\Code\\RAVDEES\\Actor_03/03-01-08-01-01-01-03.wav
173,male,surprise,3,C:\Users\mahan\Desktop\Code\\RAVDEES\\Actor_03/03-01-08-01-01-02-03.wav
174,male,surprise,3,C:\Users\mahan\Desktop\Code\\RAVDEES\\Actor_03/03-01-08-01-02-01-03.wav
175,male,surprise,3,C:\Users\mahan\Desktop\Code\\RAVDEES\\Actor_03/03-01-08-01-02-02-03.wav
176,male,surprise,3,C:\Users\mahan\Desktop\Code\\RAVDEES\\Actor_03/03-01-08-02-01-01-03.wav
177,male,surprise,3,C:\Users\mahan\Desktop\Code\\RAVDEES\\Actor_03/03-01-08-02-01-02-03.wav
178,male,surprise,3,C:\Users\mahan\Desktop\Code\\RAVDEES\\Actor_03/03-01-08-02-02-01-03.wav
179,male,surprise,3,C:\Users\mahan\Desktop\Code\\RAVDEES\\Actor_03/03-01-08-02-02-02-03.wav
180,female,neutral,4,C:\Users\mahan\Desktop\Code\\RAVDEES\\Actor_04/03-01-01-01-01-01-04.wav
181,female,neutral,4,C:\Users\mahan\Desktop\Code\\RAVDEES\\Actor_04/03-01-01-01-01-02-04.wav
182,female,neutral,4,C:\Users\mahan\Desktop\Code\\RAVDEES\\Actor_04/03-01-01-01-02-01-04.wav
183,female,neutral,4,C:\Users\mahan\Desktop\Code\\RAVDEES\\Actor_04/03-01-01-01-02-02-04.wav
184,female,calm,4,C:\Users\mahan\Desktop\Code\\RAVDEES\\Actor_04/03-01-02-01-01-01-04.wav
185,female,calm,4,C:\Users\mahan\Desktop\Code\\RAVDEES\\Actor_04/03-01-02-01-01-02-04.wav
186,female,calm,4,C:\Users\mahan\Desktop\Code\\RAVDEES\\Actor_04/03-01-02-01-02-01-04.wav
187,female,calm,4,C:\Users\mahan\Desktop\Code\\RAVDEES\\Actor_04/03-01-02-01-02-02-04.wav
188,female,calm,4,C:\Users\mahan\Desktop\Code\\RAVDEES\\Actor_04/03-01-02-02-01-01-04.wav
189,female,calm,4,C:\Users\mahan\Desktop\Code\\RAVDEES\\Actor_04/03-01-02-02-01-02-04.wav
190,female,calm,4,C:\Users\mahan\Desktop\Code\\RAVDEES\\Actor_04/03-01-02-02-02-01-04.wav
191,female,calm,4,C:\Users\mahan\Desktop\Code\\RAVDEES\\Actor_04/03-01-02-02-02-02-04.wav
192,female,happy,4,C:\Users\mahan\Desktop\Code\\RAVDEES\\Actor_04/03-01-03-01-01-01-04.wav
193,female,happy,4,C:\Users\mahan\Desktop\Code\\RAVDEES\\Actor_04/03-01-03-01-01-02-04.wav
194,female,happy,4,C:\Users\mahan\Desktop\Code\\RAVDEES\\Actor_04/03-01-03-01-02-01-04.wav
195,female,happy,4,C:\Users\mahan\Desktop\Code\\RAVDEES\\Actor_04/03-01-03-01-02-02-04.wav
196,female,happy,4,C:\Users\mahan\Desktop\Code\\RAVDEES\\Actor_04/03-01-03-02-01-01-04.wav
197,female,happy,4,C:\Users\mahan\Desktop\Code\\RAVDEES\\Actor_04/03-01-03-02-01-02-04.wav
198,female,happy,4,C:\Users\mahan\Desktop\Code\\RAVDEES\\Actor_04/03-01-03-02-02-01-04.wav
199,female,happy,4,C:\Users\mahan\Desktop\Code\\RAVDEES\\Actor_04/03-01-03-02-02-02-04.wav
200,female,sad,4,C:\Users\mahan\Desktop\Code\\RAVDEES\\Actor_04/03-01-04-01-01-01-04.wav
201,female,sad,4,C:\Users\mahan\Desktop\Code\\RAVDEES\\Actor_04/03-01-04-01-01-02-04.wav
202,female,sad,4,C:\Users\mahan\Desktop\Code\\RAVDEES\\Actor_04/03-01-04-01-02-01-04.wav
203,female,sad,4,C:\Users\mahan\Desktop\Code\\RAVDEES\\Actor_04/03-01-04-01-02-02-04.wav
204,female,sad,4,C:\Users\mahan\Desktop\Code\\RAVDEES\\Actor_04/03-01-04-02-01-01-04.wav
205,female,sad,4,C:\Users\mahan\Desktop\Code\\RAVDEES\\Actor_04/03-01-04-02-01-02-04.wav
206,female,sad,4,C:\Users\mahan\Desktop\Code\\RAVDEES\\Actor_04/03-01-04-02-02-01-04.wav
207,female,sad,4,C:\Users\mahan\Desktop\Code\\RAVDEES\\Actor_04/03-01-04-02-02-02-04.wav
208,female,angry,4,C:\Users\mahan\Desktop\Code\\RAVDEES\\Actor_04/03-01-05-01-01-01-04.wav
209,female,angry,4,C:\Users\mahan\Desktop\Code\\RAVDEES\\Actor_04/03-01-05-01-01-02-04.wav
210,female,angry,4,C:\Users\mahan\Desktop\Code\\RAVDEES\\Actor_04/03-01-05-01-02-01-04.wav
211,female,angry,4,C:\Users\mahan\Desktop\Code\\RAVDEES\\Actor_04/03-01-05-01-02-02-04.wav
212,female,angry,4,C:\Users\mahan\Desktop\Code\\RAVDEES\\Actor_04/03-01-05-02-01-01-04.wav
213,female,angry,4,C:\Users\mahan\Desktop\Code\\RAVDEES\\Actor_04/03-01-05-02-01-02-04.wav
214,female,angry,4,C:\Users\mahan\Desktop\Code\\RAVDEES\\Actor_04/03-01-05-02-02-01-04.wav
215,female,angry,4,C:\Users\mahan\Desktop\Code\\RAVDEES\\Actor_04/03-01-05-02-02-02-04.wav
216,female,fear,4,C:\Users\mahan\Desktop\Code\\RAVDEES\\Actor_04/03-01-06-01-01-01-04.wav
217,female,fear,4,C:\Users\mahan\Desktop\Code\\RAVDEES\\Actor_04/03-01-06-01-01-02-04.wav
218,female,fear,4,C:\Users\mahan\Desktop\Code\\RAVDEES\\Actor_04/03-01-06-01-02-01-04.wav
219,female,fear,4,C:\Users\mahan\Desktop\Code\\RAVDEES\\Actor_04/03-01-06-01-02-02-04.wav
220,female,fear,4,C:\Users\mahan\Desktop\Code\\RAVDEES\\Actor_04/03-01-06-02-01-01-04.wav
221,female,fear,4,C:\Users\mahan\Desktop\Code\\RAVDEES\\Actor_04/03-01-06-02-01-02-04.wav
222,female,fear,4,C:\Users\mahan\Desktop\Code\\RAVDEES\\Actor_04/03-01-06-02-02-01-04.wav
223,female,fear,4,C:\Users\mahan\Desktop\Code\\RAVDEES\\Actor_04/03-01-06-02-02-02-04.wav
224,female,disgust,4,C:\Users\mahan\Desktop\Code\\RAVDEES\\Actor_04/03-01-07-01-01-01-04.wav
225,female,disgust,4,C:\Users\mahan\Desktop\Code\\RAVDEES\\Actor_04/03-01-07-01-01-02-04.wav
226,female,disgust,4,C:\Users\mahan\Desktop\Code\\RAVDEES\\Actor_04/03-01-07-01-02-01-04.wav
227,female,disgust,4,C:\Users\mahan\Desktop\Code\\RAVDEES\\Actor_04/03-01-07-01-02-02-04.wav
228,female,disgust,4,C:\Users\mahan\Desktop\Code\\RAVDEES\\Actor_04/03-01-07-02-01-01-04.wav
229,female,disgust,4,C:\Users\mahan\Desktop\Code\\RAVDEES\\Actor_04/03-01-07-02-01-02-04.wav
230,female,disgust,4,C:\Users\mahan\Desktop\Code\\RAVDEES\\Actor_04/03-01-07-02-02-01-04.wav
231,female,disgust,4,C:\Users\mahan\Desktop\Code\\RAVDEES\\Actor_04/03-01-07-02-02-02-04.wav
232,female,surprise,4,C:\Users\mahan\Desktop\Code\\RAVDEES\\Actor_04/03-01-08-01-01-01-04.wav
233,female,surprise,4,C:\Users\mahan\Desktop\Code\\RAVDEES\\Actor_04/03-01-08-01-01-02-04.wav
234,female,surprise,4,C:\Users\mahan\Desktop\Code\\RAVDEES\\Actor_04/03-01-08-01-02-01-04.wav
235,female,surprise,4,C:\Users\mahan\Desktop\Code\\RAVDEES\\Actor_04/03-01-08-01-02-02-04.wav
236,female,surprise,4,C:\Users\mahan\Desktop\Code\\RAVDEES\\Actor_04/03-01-08-02-01-01-04.wav
237,female,surprise,4,C:\Users\mahan\Desktop\Code\\RAVDEES\\Actor_04/03-01-08-02-01-02-04.wav
238,female,surprise,4,C:\Users\mahan\Desktop\Code\\RAVDEES\\Actor_04/03-01-08-02-02-01-04.wav
239,female,surprise,4,C:\Users\mahan\Desktop\Code\\RAVDEES\\Actor_04/03-01-08-02-02-02-04.wav
240,male,neutral,5,C:\Users\mahan\Desktop\Code\\RAVDEES\\Actor_05/03-01-01-01-01-01-05.wav
241,male,neutral,5,C:\Users\mahan\Desktop\Code\\RAVDEES\\Actor_05/03-01-01-01-01-02-05.wav
242,male,neutral,5,C:\Users\mahan\Desktop\Code\\RAVDEES\\Actor_05/03-01-01-01-02-01-05.wav
243,male,neutral,5,C:\Users\mahan\Desktop\Code\\RAVDEES\\Actor_05/03-01-01-01-02-02-05.wav
244,male,calm,5,C:\Users\mahan\Desktop\Code\\RAVDEES\\Actor_05/03-01-02-01-01-01-05.wav
245,male,calm,5,C:\Users\mahan\Desktop\Code\\RAVDEES\\Actor_05/03-01-02-01-01-02-05.wav
246,male,calm,5,C:\Users\mahan\Desktop\Code\\RAVDEES\\Actor_05/03-01-02-01-02-01-05.wav
247,male,calm,5,C:\Users\mahan\Desktop\Code\\RAVDEES\\Actor_05/03-01-02-01-02-02-05.wav
248,male,calm,5,C:\Users\mahan\Desktop\Code\\RAVDEES\\Actor_05/03-01-02-02-01-01-05.wav
249,male,calm,5,C:\Users\mahan\Desktop\Code\\RAVDEES\\Actor_05/03-01-02-02-01-02-05.wav
250,male,calm,5,C:\Users\mahan\Desktop\Code\\RAVDEES\\Actor_05/03-01-02-02-02-01-05.wav
251,male,calm,5,C:\Users\mahan\Desktop\Code\\RAVDEES\\Actor_05/03-01-02-02-02-02-05.wav
252,male,happy,5,C:\Users\mahan\Desktop\Code\\RAVDEES\\Actor_05/03-01-03-01-01-01-05.wav
253,male,happy,5,C:\Users\mahan\Desktop\Code\\RAVDEES\\Actor_05/03-01-03-01-01-02-05.wav
254,male,happy,5,C:\Users\mahan\Desktop\Code\\RAVDEES\\Actor_05/03-01-03-01-02-01-05.wav
255,male,happy,5,C:\Users\mahan\Desktop\Code\\RAVDEES\\Actor_05/03-01-03-01-02-02-05.wav
256,male,happy,5,C:\Users\mahan\Desktop\Code\\RAVDEES\\Actor_05/03-01-03-02-01-01-05.wav
257,male,happy,5,C:\Users\mahan\Desktop\Code\\RAVDEES\\Actor_05/03-01-03-02-01-02-05.wav
258,male,happy,5,C:\Users\mahan\Desktop\Code\\RAVDEES\\Actor_05/03-01-03-02-02-01-05.wav
259,male,happy,5,C:\Users\mahan\Desktop\Code\\RAVDEES\\Actor_05/03-01-03-02-02-02-05.wav
260,male,sad,5,C:\Users\mahan\Desktop\Code\\RAVDEES\\Actor_05/03-01-04-01-01-01-05.wav
261,male,sad,5,C:\Users\mahan\Desktop\Code\\RAVDEES\\Actor_05/03-01-04-01-01-02-05.wav
262,male,sad,5,C:\Users\mahan\Desktop\Code\\RAVDEES\\Actor_05/03-01-04-01-02-01-05.wav
263,male,sad,5,C:\Users\mahan\Desktop\Code\\RAVDEES\\Actor_05/03-01-04-01-02-02-05.wav
264,male,sad,5,C:\Users\mahan\Desktop\Code\\RAVDEES\\Actor_05/03-01-04-02-01-01-05.wav
265,male,sad,5,C:\Users\mahan\Desktop\Code\\RAVDEES\\Actor_05/03-01-04-02-01-02-05.wav
266,male,sad,5,C:\Users\mahan\Desktop\Code\\RAVDEES\\Actor_05/03-01-04-02-02-01-05.wav
267,male,sad,5,C:\Users\mahan\Desktop\Code\\RAVDEES\\Actor_05/03-01-04-02-02-02-05.wav
268,male,angry,5,C:\Users\mahan\Desktop\Code\\RAVDEES\\Actor_05/03-01-05-01-01-01-05.wav
269,male,angry,5,C:\Users\mahan\Desktop\Code\\RAVDEES\\Actor_05/03-01-05-01-01-02-05.wav
270,male,angry,5,C:\Users\mahan\Desktop\Code\\RAVDEES\\Actor_05/03-01-05-01-02-01-05.wav
271,male,angry,5,C:\Users\mahan\Desktop\Code\\RAVDEES\\Actor_05/03-01-05-01-02-02-05.wav
272,male,angry,5,C:\Users\mahan\Desktop\Code\\RAVDEES\\Actor_05/03-01-05-02-01-01-05.wav
273,male,angry,5,C:\Users\mahan\Desktop\Code\\RAVDEES\\Actor_05/03-01-05-02-01-02-05.wav
274,male,angry,5,C:\Users\mahan\Desktop\Code\\RAVDEES\\Actor_05/03-01-05-02-02-01-05.wav
275,male,angry,5,C:\Users\mahan\Desktop\Code\\RAVDEES\\Actor_05/03-01-05-02-02-02-05.wav
276,male,fear,5,C:\Users\mahan\Desktop\Code\\RAVDEES\\Actor_05/03-01-06-01-01-01-05.wav
277,male,fear,5,C:\Users\mahan\Desktop\Code\\RAVDEES\\Actor_05/03-01-06-01-01-02-05.wav
278,male,fear,5,C:\Users\mahan\Desktop\Code\\RAVDEES\\Actor_05/03-01-06-01-02-01-05.wav
279,male,fear,5,C:\Users\mahan\Desktop\Code\\RAVDEES\\Actor_05/03-01-06-01-02-02-05.wav
280,male,fear,5,C:\Users\mahan\Desktop\Code\\RAVDEES\\Actor_05/03-01-06-02-01-01-05.wav
281,male,fear,5,C:\Users\mahan\Desktop\Code\\RAVDEES\\Actor_05/03-01-06-02-01-02-05.wav
282,male,fear,5,C:\Users\mahan\Desktop\Code\\RAVDEES\\Actor_05/03-01-06-02-02-01-05.wav
283,male,fear,5,C:\Users\mahan\Desktop\Code\\RAVDEES\\Actor_05/03-01-06-02-02-02-05.wav
284,male,disgust,5,C:\Users\mahan\Desktop\Code\\RAVDEES\\Actor_05/03-01-07-01-01-01-05.wav
285,male,disgust,5,C:\Users\mahan\Desktop\Code\\RAVDEES\\Actor_05/03-01-07-01-01-02-05.wav
286,male,disgust,5,C:\Users\mahan\Desktop\Code\\RAVDEES\\Actor_05/03-01-07-01-02-01-05.wav
287,male,disgust,5,C:\Users\mahan\Desktop\Code\\RAVDEES\\Actor_05/03-01-07-01-02-02-05.wav
288,male,disgust,5,C:\Users\mahan\Desktop\Code\\RAVDEES\\Actor_05/03-01-07-02-01-01-05.wav
289,male,disgust,5,C:\Users\mahan\Desktop\Code\\RAVDEES\\Actor_05/03-01-07-02-01-02-05.wav
290,male,disgust,5,C:\Users\mahan\Desktop\Code\\RAVDEES\\Actor_05/03-01-07-02-02-01-05.wav
291,male,disgust,5,C:\Users\mahan\Desktop\Code\\RAVDEES\\Actor_05/03-01-07-02-02-02-05.wav
292,male,surprise,5,C:\Users\mahan\Desktop\Code\\RAVDEES\\Actor_05/03-01-08-01-01-01-05.wav
293,male,surprise,5,C:\Users\mahan\Desktop\Code\\RAVDEES\\Actor_05/03-01-08-01-01-02-05.wav
294,male,surprise,5,C:\Users\mahan\Desktop\Code\\RAVDEES\\Actor_05/03-01-08-01-02-01-05.wav
295,male,surprise,5,C:\Users\mahan\Desktop\Code\\RAVDEES\\Actor_05/03-01-08-01-02-02-05.wav
296,male,surprise,5,C:\Users\mahan\Desktop\Code\\RAVDEES\\Actor_05/03-01-08-02-01-01-05.wav
297,male,surprise,5,C:\Users\mahan\Desktop\Code\\RAVDEES\\Actor_05/03-01-08-02-01-02-05.wav
298,male,surprise,5,C:\Users\mahan\Desktop\Code\\RAVDEES\\Actor_05/03-01-08-02-02-01-05.wav
299,male,surprise,5,C:\Users\mahan\Desktop\Code\\RAVDEES\\Actor_05/03-01-08-02-02-02-05.wav
300,female,neutral,6,C:\Users\mahan\Desktop\Code\\RAVDEES\\Actor_06/03-01-01-01-01-01-06.wav
301,female,neutral,6,C:\Users\mahan\Desktop\Code\\RAVDEES\\Actor_06/03-01-01-01-01-02-06.wav
302,female,neutral,6,C:\Users\mahan\Desktop\Code\\RAVDEES\\Actor_06/03-01-01-01-02-01-06.wav
303,female,neutral,6,C:\Users\mahan\Desktop\Code\\RAVDEES\\Actor_06/03-01-01-01-02-02-06.wav
304,female,calm,6,C:\Users\mahan\Desktop\Code\\RAVDEES\\Actor_06/03-01-02-01-01-01-06.wav
305,female,calm,6,C:\Users\mahan\Desktop\Code\\RAVDEES\\Actor_06/03-01-02-01-01-02-06.wav
306,female,calm,6,C:\Users\mahan\Desktop\Code\\RAVDEES\\Actor_06/03-01-02-01-02-01-06.wav
307,female,calm,6,C:\Users\mahan\Desktop\Code\\RAVDEES\\Actor_06/03-01-02-01-02-02-06.wav
308,female,calm,6,C:\Users\mahan\Desktop\Code\\RAVDEES\\Actor_06/03-01-02-02-01-01-06.wav
309,female,calm,6,C:\Users\mahan\Desktop\Code\\RAVDEES\\Actor_06/03-01-02-02-01-02-06.wav
310,female,calm,6,C:\Users\mahan\Desktop\Code\\RAVDEES\\Actor_06/03-01-02-02-02-01-06.wav
311,female,calm,6,C:\Users\mahan\Desktop\Code\\RAVDEES\\Actor_06/03-01-02-02-02-02-06.wav
312,female,happy,6,C:\Users\mahan\Desktop\Code\\RAVDEES\\Actor_06/03-01-03-01-01-01-06.wav
313,female,happy,6,C:\Users\mahan\Desktop\Code\\RAVDEES\\Actor_06/03-01-03-01-01-02-06.wav
314,female,happy,6,C:\Users\mahan\Desktop\Code\\RAVDEES\\Actor_06/03-01-03-01-02-01-06.wav
315,female,happy,6,C:\Users\mahan\Desktop\Code\\RAVDEES\\Actor_06/03-01-03-01-02-02-06.wav
316,female,happy,6,C:\Users\mahan\Desktop\Code\\RAVDEES\\Actor_06/03-01-03-02-01-01-06.wav
317,female,happy,6,C:\Users\mahan\Desktop\Code\\RAVDEES\\Actor_06/03-01-03-02-01-02-06.wav
318,female,happy,6,C:\Users\mahan\Desktop\Code\\RAVDEES\\Actor_06/03-01-03-02-02-01-06.wav
319,female,happy,6,C:\Users\mahan\Desktop\Code\\RAVDEES\\Actor_06/03-01-03-02-02-02-06.wav
320,female,sad,6,C:\Users\mahan\Desktop\Code\\RAVDEES\\Actor_06/03-01-04-01-01-01-06.wav
321,female,sad,6,C:\Users\mahan\Desktop\Code\\RAVDEES\\Actor_06/03-01-04-01-01-02-06.wav
322,female,sad,6,C:\Users\mahan\Desktop\Code\\RAVDEES\\Actor_06/03-01-04-01-02-01-06.wav
323,female,sad,6,C:\Users\mahan\Desktop\Code\\RAVDEES\\Actor_06/03-01-04-01-02-02-06.wav
324,female,sad,6,C:\Users\mahan\Desktop\Code\\RAVDEES\\Actor_06/03-01-04-02-01-01-06.wav
325,female,sad,6,C:\Users\mahan\Desktop\Code\\RAVDEES\\Actor_06/03-01-04-02-01-02-06.wav
326,female,sad,6,C:\Users\mahan\Desktop\Code\\RAVDEES\\Actor_06/03-01-04-02-02-01-06.wav
327,female,sad,6,C:\Users\mahan\Desktop\Code\\RAVDEES\\Actor_06/03-01-04-02-02-02-06.wav
328,female,angry,6,C:\Users\mahan\Desktop\Code\\RAVDEES\\Actor_06/03-01-05-01-01-01-06.wav
329,female,angry,6,C:\Users\mahan\Desktop\Code\\RAVDEES\\Actor_06/03-01-05-01-01-02-06.wav
330,female,angry,6,C:\Users\mahan\Desktop\Code\\RAVDEES\\Actor_06/03-01-05-01-02-01-06.wav
331,female,angry,6,C:\Users\mahan\Desktop\Code\\RAVDEES\\Actor_06/03-01-05-01-02-02-06.wav
332,female,angry,6,C:\Users\mahan\Desktop\Code\\RAVDEES\\Actor_06/03-01-05-02-01-01-06.wav
333,female,angry,6,C:\Users\mahan\Desktop\Code\\RAVDEES\\Actor_06/03-01-05-02-01-02-06.wav
334,female,angry,6,C:\Users\mahan\Desktop\Code\\RAVDEES\\Actor_06/03-01-05-02-02-01-06.wav
335,female,angry,6,C:\Users\mahan\Desktop\Code\\RAVDEES\\Actor_06/03-01-05-02-02-02-06.wav
336,female,fear,6,C:\Users\mahan\Desktop\Code\\RAVDEES\\Actor_06/03-01-06-01-01-01-06.wav
337,female,fear,6,C:\Users\mahan\Desktop\Code\\RAVDEES\\Actor_06/03-01-06-01-01-02-06.wav
338,female,fear,6,C:\Users\mahan\Desktop\Code\\RAVDEES\\Actor_06/03-01-06-01-02-01-06.wav
339,female,fear,6,C:\Users\mahan\Desktop\Code\\RAVDEES\\Actor_06/03-01-06-01-02-02-06.wav
340,female,fear,6,C:\Users\mahan\Desktop\Code\\RAVDEES\\Actor_06/03-01-06-02-01-01-06.wav
341,female,fear,6,C:\Users\mahan\Desktop\Code\\RAVDEES\\Actor_06/03-01-06-02-01-02-06.wav
342,female,fear,6,C:\Users\mahan\Desktop\Code\\RAVDEES\\Actor_06/03-01-06-02-02-01-06.wav
343,female,fear,6,C:\Users\mahan\Desktop\Code\\RAVDEES\\Actor_06/03-01-06-02-02-02-06.wav
344,female,disgust,6,C:\Users\mahan\Desktop\Code\\RAVDEES\\Actor_06/03-01-07-01-01-01-06.wav
345,female,disgust,6,C:\Users\mahan\Desktop\Code\\RAVDEES\\Actor_06/03-01-07-01-01-02-06.wav
346,female,disgust,6,C:\Users\mahan\Desktop\Code\\RAVDEES\\Actor_06/03-01-07-01-02-01-06.wav
347,female,disgust,6,C:\Users\mahan\Desktop\Code\\RAVDEES\\Actor_06/03-01-07-01-02-02-06.wav
348,female,disgust,6,C:\Users\mahan\Desktop\Code\\RAVDEES\\Actor_06/03-01-07-02-01-01-06.wav
349,female,disgust,6,C:\Users\mahan\Desktop\Code\\RAVDEES\\Actor_06/03-01-07-02-01-02-06.wav
350,female,disgust,6,C:\Users\mahan\Desktop\Code\\RAVDEES\\Actor_06/03-01-07-02-02-01-06.wav
351,female,disgust,6,C:\Users\mahan\Desktop\Code\\RAVDEES\\Actor_06/03-01-07-02-02-02-06.wav
352,female,surprise,6,C:\Users\mahan\Desktop\Code\\RAVDEES\\Actor_06/03-01-08-01-01-01-06.wav
353,female,surprise,6,C:\Users\mahan\Desktop\Code\\RAVDEES\\Actor_06/03-01-08-01-01-02-06.wav
354,female,surprise,6,C:\Users\mahan\Desktop\Code\\RAVDEES\\Actor_06/03-01-08-01-02-01-06.wav
355,female,surprise,6,C:\Users\mahan\Desktop\Code\\RAVDEES\\Actor_06/03-01-08-01-02-02-06.wav
356,female,surprise,6,C:\Users\mahan\Desktop\Code\\RAVDEES\\Actor_06/03-01-08-02-01-01-06.wav
357,female,surprise,6,C:\Users\mahan\Desktop\Code\\RAVDEES\\Actor_06/03-01-08-02-01-02-06.wav
358,female,surprise,6,C:\Users\mahan\Desktop\Code\\RAVDEES\\Actor_06/03-01-08-02-02-01-06.wav
359,female,surprise,6,C:\Users\mahan\Desktop\Code\\RAVDEES\\Actor_06/03-01-08-02-02-02-06.wav
360,male,neutral,7,C:\Users\mahan\Desktop\Code\\RAVDEES\\Actor_07/03-01-01-01-01-01-07.wav
361,male,neutral,7,C:\Users\mahan\Desktop\Code\\RAVDEES\\Actor_07/03-01-01-01-01-02-07.wav
362,male,neutral,7,C:\Users\mahan\Desktop\Code\\RAVDEES\\Actor_07/03-01-01-01-02-01-07.wav
363,male,neutral,7,C:\Users\mahan\Desktop\Code\\RAVDEES\\Actor_07/03-01-01-01-02-02-07.wav
364,male,calm,7,C:\Users\mahan\Desktop\Code\\RAVDEES\\Actor_07/03-01-02-01-01-01-07.wav
365,male,calm,7,C:\Users\mahan\Desktop\Code\\RAVDEES\\Actor_07/03-01-02-01-01-02-07.wav
366,male,calm,7,C:\Users\mahan\Desktop\Code\\RAVDEES\\Actor_07/03-01-02-01-02-01-07.wav
367,male,calm,7,C:\Users\mahan\Desktop\Code\\RAVDEES\\Actor_07/03-01-02-01-02-02-07.wav
368,male,calm,7,C:\Users\mahan\Desktop\Code\\RAVDEES\\Actor_07/03-01-02-02-01-01-07.wav
369,male,calm,7,C:\Users\mahan\Desktop\Code\\RAVDEES\\Actor_07/03-01-02-02-01-02-07.wav
370,male,calm,7,C:\Users\mahan\Desktop\Code\\RAVDEES\\Actor_07/03-01-02-02-02-01-07.wav
371,male,calm,7,C:\Users\mahan\Desktop\Code\\RAVDEES\\Actor_07/03-01-02-02-02-02-07.wav
372,male,happy,7,C:\Users\mahan\Desktop\Code\\RAVDEES\\Actor_07/03-01-03-01-01-01-07.wav
373,male,happy,7,C:\Users\mahan\Desktop\Code\\RAVDEES\\Actor_07/03-01-03-01-01-02-07.wav
374,male,happy,7,C:\Users\mahan\Desktop\Code\\RAVDEES\\Actor_07/03-01-03-01-02-01-07.wav
375,male,happy,7,C:\Users\mahan\Desktop\Code\\RAVDEES\\Actor_07/03-01-03-01-02-02-07.wav
376,male,happy,7,C:\Users\mahan\Desktop\Code\\RAVDEES\\Actor_07/03-01-03-02-01-01-07.wav
377,male,happy,7,C:\Users\mahan\Desktop\Code\\RAVDEES\\Actor_07/03-01-03-02-01-02-07.wav
378,male,happy,7,C:\Users\mahan\Desktop\Code\\RAVDEES\\Actor_07/03-01-03-02-02-01-07.wav
379,male,happy,7,C:\Users\mahan\Desktop\Code\\RAVDEES\\Actor_07/03-01-03-02-02-02-07.wav
380,male,sad,7,C:\Users\mahan\Desktop\Code\\RAVDEES\\Actor_07/03-01-04-01-01-01-07.wav
381,male,sad,7,C:\Users\mahan\Desktop\Code\\RAVDEES\\Actor_07/03-01-04-01-01-02-07.wav
382,male,sad,7,C:\Users\mahan\Desktop\Code\\RAVDEES\\Actor_07/03-01-04-01-02-01-07.wav
383,male,sad,7,C:\Users\mahan\Desktop\Code\\RAVDEES\\Actor_07/03-01-04-01-02-02-07.wav
384,male,sad,7,C:\Users\mahan\Desktop\Code\\RAVDEES\\Actor_07/03-01-04-02-01-01-07.wav
385,male,sad,7,C:\Users\mahan\Desktop\Code\\RAVDEES\\Actor_07/03-01-04-02-01-02-07.wav
386,male,sad,7,C:\Users\mahan\Desktop\Code\\RAVDEES\\Actor_07/03-01-04-02-02-01-07.wav
387,male,sad,7,C:\Users\mahan\Desktop\Code\\RAVDEES\\Actor_07/03-01-04-02-02-02-07.wav
388,male,angry,7,C:\Users\mahan\Desktop\Code\\RAVDEES\\Actor_07/03-01-05-01-01-01-07.wav
389,male,angry,7,C:\Users\mahan\Desktop\Code\\RAVDEES\\Actor_07/03-01-05-01-01-02-07.wav
390,male,angry,7,C:\Users\mahan\Desktop\Code\\RAVDEES\\Actor_07/03-01-05-01-02-01-07.wav
391,male,angry,7,C:\Users\mahan\Desktop\Code\\RAVDEES\\Actor_07/03-01-05-01-02-02-07.wav
392,male,angry,7,C:\Users\mahan\Desktop\Code\\RAVDEES\\Actor_07/03-01-05-02-01-01-07.wav
393,male,angry,7,C:\Users\mahan\Desktop\Code\\RAVDEES\\Actor_07/03-01-05-02-01-02-07.wav
394,male,angry,7,C:\Users\mahan\Desktop\Code\\RAVDEES\\Actor_07/03-01-05-02-02-01-07.wav
395,male,angry,7,C:\Users\mahan\Desktop\Code\\RAVDEES\\Actor_07/03-01-05-02-02-02-07.wav
396,male,fear,7,C:\Users\mahan\Desktop\Code\\RAVDEES\\Actor_07/03-01-06-01-01-01-07.wav
397,male,fear,7,C:\Users\mahan\Desktop\Code\\RAVDEES\\Actor_07/03-01-06-01-01-02-07.wav
398,male,fear,7,C:\Users\mahan\Desktop\Code\\RAVDEES\\Actor_07/03-01-06-01-02-01-07.wav
399,male,fear,7,C:\Users\mahan\Desktop\Code\\RAVDEES\\Actor_07/03-01-06-01-02-02-07.wav
400,male,fear,7,C:\Users\mahan\Desktop\Code\\RAVDEES\\Actor_07/03-01-06-02-01-01-07.wav
401,male,fear,7,C:\Users\mahan\Desktop\Code\\RAVDEES\\Actor_07/03-01-06-02-01-02-07.wav
402,male,fear,7,C:\Users\mahan\Desktop\Code\\RAVDEES\\Actor_07/03-01-06-02-02-01-07.wav
403,male,fear,7,C:\Users\mahan\Desktop\Code\\RAVDEES\\Actor_07/03-01-06-02-02-02-07.wav
404,male,disgust,7,C:\Users\mahan\Desktop\Code\\RAVDEES\\Actor_07/03-01-07-01-01-01-07.wav
405,male,disgust,7,C:\Users\mahan\Desktop\Code\\RAVDEES\\Actor_07/03-01-07-01-01-02-07.wav
406,male,disgust,7,C:\Users\mahan\Desktop\Code\\RAVDEES\\Actor_07/03-01-07-01-02-01-07.wav
407,male,disgust,7,C:\Users\mahan\Desktop\Code\\RAVDEES\\Actor_07/03-01-07-01-02-02-07.wav
408,male,disgust,7,C:\Users\mahan\Desktop\Code\\RAVDEES\\Actor_07/03-01-07-02-01-01-07.wav
409,male,disgust,7,C:\Users\mahan\Desktop\Code\\RAVDEES\\Actor_07/03-01-07-02-01-02-07.wav
410,male,disgust,7,C:\Users\mahan\Desktop\Code\\RAVDEES\\Actor_07/03-01-07-02-02-01-07.wav
411,male,disgust,7,C:\Users\mahan\Desktop\Code\\RAVDEES\\Actor_07/03-01-07-02-02-02-07.wav
412,male,surprise,7,C:\Users\mahan\Desktop\Code\\RAVDEES\\Actor_07/03-01-08-01-01-01-07.wav
413,male,surprise,7,C:\Users\mahan\Desktop\Code\\RAVDEES\\Actor_07/03-01-08-01-01-02-07.wav
414,male,surprise,7,C:\Users\mahan\Desktop\Code\\RAVDEES\\Actor_07/03-01-08-01-02-01-07.wav
415,male,surprise,7,C:\Users\mahan\Desktop\Code\\RAVDEES\\Actor_07/03-01-08-01-02-02-07.wav
416,male,surprise,7,C:\Users\mahan\Desktop\Code\\RAVDEES\\Actor_07/03-01-08-02-01-01-07.wav
417,male,surprise,7,C:\Users\mahan\Desktop\Code\\RAVDEES\\Actor_07/03-01-08-02-01-02-07.wav
418,male,surprise,7,C:\Users\mahan\Desktop\Code\\RAVDEES\\Actor_07/03-01-08-02-02-01-07.wav
419,male,surprise,7,C:\Users\mahan\Desktop\Code\\RAVDEES\\Actor_07/03-01-08-02-02-02-07.wav
420,female,neutral,8,C:\Users\mahan\Desktop\Code\\RAVDEES\\Actor_08/03-01-01-01-01-01-08.wav
421,female,neutral,8,C:\Users\mahan\Desktop\Code\\RAVDEES\\Actor_08/03-01-01-01-01-02-08.wav
422,female,neutral,8,C:\Users\mahan\Desktop\Code\\RAVDEES\\Actor_08/03-01-01-01-02-01-08.wav
423,female,neutral,8,C:\Users\mahan\Desktop\Code\\RAVDEES\\Actor_08/03-01-01-01-02-02-08.wav
424,female,calm,8,C:\Users\mahan\Desktop\Code\\RAVDEES\\Actor_08/03-01-02-01-01-01-08.wav
425,female,calm,8,C:\Users\mahan\Desktop\Code\\RAVDEES\\Actor_08/03-01-02-01-01-02-08.wav
426,female,calm,8,C:\Users\mahan\Desktop\Code\\RAVDEES\\Actor_08/03-01-02-01-02-01-08.wav
427,female,calm,8,C:\Users\mahan\Desktop\Code\\RAVDEES\\Actor_08/03-01-02-01-02-02-08.wav
428,female,calm,8,C:\Users\mahan\Desktop\Code\\RAVDEES\\Actor_08/03-01-02-02-01-01-08.wav
429,female,calm,8,C:\Users\mahan\Desktop\Code\\RAVDEES\\Actor_08/03-01-02-02-01-02-08.wav
430,female,calm,8,C:\Users\mahan\Desktop\Code\\RAVDEES\\Actor_08/03-01-02-02-02-01-08.wav
431,female,calm,8,C:\Users\mahan\Desktop\Code\\RAVDEES\\Actor_08/03-01-02-02-02-02-08.wav
432,female,happy,8,C:\Users\mahan\Desktop\Code\\RAVDEES\\Actor_08/03-01-03-01-01-01-08.wav
433,female,happy,8,C:\Users\mahan\Desktop\Code\\RAVDEES\\Actor_08/03-01-03-01-01-02-08.wav
434,female,happy,8,C:\Users\mahan\Desktop\Code\\RAVDEES\\Actor_08/03-01-03-01-02-01-08.wav
435,female,happy,8,C:\Users\mahan\Desktop\Code\\RAVDEES\\Actor_08/03-01-03-01-02-02-08.wav
436,female,happy,8,C:\Users\mahan\Desktop\Code\\RAVDEES\\Actor_08/03-01-03-02-01-01-08.wav
437,female,happy,8,C:\Users\mahan\Desktop\Code\\RAVDEES\\Actor_08/03-01-03-02-01-02-08.wav
438,female,happy,8,C:\Users\mahan\Desktop\Code\\RAVDEES\\Actor_08/03-01-03-02-02-01-08.wav
439,female,happy,8,C:\Users\mahan\Desktop\Code\\RAVDEES\\Actor_08/03-01-03-02-02-02-08.wav
440,female,sad,8,C:\Users\mahan\Desktop\Code\\RAVDEES\\Actor_08/03-01-04-01-01-01-08.wav
441,female,sad,8,C:\Users\mahan\Desktop\Code\\RAVDEES\\Actor_08/03-01-04-01-01-02-08.wav
442,female,sad,8,C:\Users\mahan\Desktop\Code\\RAVDEES\\Actor_08/03-01-04-01-02-01-08.wav
443,female,sad,8,C:\Users\mahan\Desktop\Code\\RAVDEES\\Actor_08/03-01-04-01-02-02-08.wav
444,female,sad,8,C:\Users\mahan\Desktop\Code\\RAVDEES\\Actor_08/03-01-04-02-01-01-08.wav
445,female,sad,8,C:\Users\mahan\Desktop\Code\\RAVDEES\\Actor_08/03-01-04-02-01-02-08.wav
446,female,sad,8,C:\Users\mahan\Desktop\Code\\RAVDEES\\Actor_08/03-01-04-02-02-01-08.wav
447,female,sad,8,C:\Users\mahan\Desktop\Code\\RAVDEES\\Actor_08/03-01-04-02-02-02-08.wav
448,female,angry,8,C:\Users\mahan\Desktop\Code\\RAVDEES\\Actor_08/03-01-05-01-01-01-08.wav
449,female,angry,8,C:\Users\mahan\Desktop\Code\\RAVDEES\\Actor_08/03-01-05-01-01-02-08.wav
450,female,angry,8,C:\Users\mahan\Desktop\Code\\RAVDEES\\Actor_08/03-01-05-01-02-01-08.wav
451,female,angry,8,C:\Users\mahan\Desktop\Code\\RAVDEES\\Actor_08/03-01-05-01-02-02-08.wav
452,female,angry,8,C:\Users\mahan\Desktop\Code\\RAVDEES\\Actor_08/03-01-05-02-01-01-08.wav
453,female,angry,8,C:\Users\mahan\Desktop\Code\\RAVDEES\\Actor_08/03-01-05-02-01-02-08.wav
454,female,angry,8,C:\Users\mahan\Desktop\Code\\RAVDEES\\Actor_08/03-01-05-02-02-01-08.wav
455,female,angry,8,C:\Users\mahan\Desktop\Code\\RAVDEES\\Actor_08/03-01-05-02-02-02-08.wav
456,female,fear,8,C:\Users\mahan\Desktop\Code\\RAVDEES\\Actor_08/03-01-06-01-01-01-08.wav
457,female,fear,8,C:\Users\mahan\Desktop\Code\\RAVDEES\\Actor_08/03-01-06-01-01-02-08.wav
458,female,fear,8,C:\Users\mahan\Desktop\Code\\RAVDEES\\Actor_08/03-01-06-01-02-01-08.wav
459,female,fear,8,C:\Users\mahan\Desktop\Code\\RAVDEES\\Actor_08/03-01-06-01-02-02-08.wav
460,female,fear,8,C:\Users\mahan\Desktop\Code\\RAVDEES\\Actor_08/03-01-06-02-01-01-08.wav
461,female,fear,8,C:\Users\mahan\Desktop\Code\\RAVDEES\\Actor_08/03-01-06-02-01-02-08.wav
462,female,fear,8,C:\Users\mahan\Desktop\Code\\RAVDEES\\Actor_08/03-01-06-02-02-01-08.wav
463,female,fear,8,C:\Users\mahan\Desktop\Code\\RAVDEES\\Actor_08/03-01-06-02-02-02-08.wav
464,female,disgust,8,C:\Users\mahan\Desktop\Code\\RAVDEES\\Actor_08/03-01-07-01-01-01-08.wav
465,female,disgust,8,C:\Users\mahan\Desktop\Code\\RAVDEES\\Actor_08/03-01-07-01-01-02-08.wav
466,female,disgust,8,C:\Users\mahan\Desktop\Code\\RAVDEES\\Actor_08/03-01-07-01-02-01-08.wav
467,female,disgust,8,C:\Users\mahan\Desktop\Code\\RAVDEES\\Actor_08/03-01-07-01-02-02-08.wav
468,female,disgust,8,C:\Users\mahan\Desktop\Code\\RAVDEES\\Actor_08/03-01-07-02-01-01-08.wav
469,female,disgust,8,C:\Users\mahan\Desktop\Code\\RAVDEES\\Actor_08/03-01-07-02-01-02-08.wav
470,female,disgust,8,C:\Users\mahan\Desktop\Code\\RAVDEES\\Actor_08/03-01-07-02-02-01-08.wav
471,female,disgust,8,C:\Users\mahan\Desktop\Code\\RAVDEES\\Actor_08/03-01-07-02-02-02-08.wav
472,female,surprise,8,C:\Users\mahan\Desktop\Code\\RAVDEES\\Actor_08/03-01-08-01-01-01-08.wav
473,female,surprise,8,C:\Users\mahan\Desktop\Code\\RAVDEES\\Actor_08/03-01-08-01-01-02-08.wav
474,female,surprise,8,C:\Users\mahan\Desktop\Code\\RAVDEES\\Actor_08/03-01-08-01-02-01-08.wav
475,female,surprise,8,C:\Users\mahan\Desktop\Code\\RAVDEES\\Actor_08/03-01-08-01-02-02-08.wav
476,female,surprise,8,C:\Users\mahan\Desktop\Code\\RAVDEES\\Actor_08/03-01-08-02-01-01-08.wav
477,female,surprise,8,C:\Users\mahan\Desktop\Code\\RAVDEES\\Actor_08/03-01-08-02-01-02-08.wav
478,female,surprise,8,C:\Users\mahan\Desktop\Code\\RAVDEES\\Actor_08/03-01-08-02-02-01-08.wav
479,female,surprise,8,C:\Users\mahan\Desktop\Code\\RAVDEES\\Actor_08/03-01-08-02-02-02-08.wav
480,male,neutral,9,C:\Users\mahan\Desktop\Code\\RAVDEES\\Actor_09/03-01-01-01-01-01-09.wav
481,male,neutral,9,C:\Users\mahan\Desktop\Code\\RAVDEES\\Actor_09/03-01-01-01-01-02-09.wav
482,male,neutral,9,C:\Users\mahan\Desktop\Code\\RAVDEES\\Actor_09/03-01-01-01-02-01-09.wav
483,male,neutral,9,C:\Users\mahan\Desktop\Code\\RAVDEES\\Actor_09/03-01-01-01-02-02-09.wav
484,male,calm,9,C:\Users\mahan\Desktop\Code\\RAVDEES\\Actor_09/03-01-02-01-01-01-09.wav
485,male,calm,9,C:\Users\mahan\Desktop\Code\\RAVDEES\\Actor_09/03-01-02-01-01-02-09.wav
486,male,calm,9,C:\Users\mahan\Desktop\Code\\RAVDEES\\Actor_09/03-01-02-01-02-01-09.wav
487,male,calm,9,C:\Users\mahan\Desktop\Code\\RAVDEES\\Actor_09/03-01-02-01-02-02-09.wav
488,male,calm,9,C:\Users\mahan\Desktop\Code\\RAVDEES\\Actor_09/03-01-02-02-01-01-09.wav
489,male,calm,9,C:\Users\mahan\Desktop\Code\\RAVDEES\\Actor_09/03-01-02-02-01-02-09.wav
490,male,calm,9,C:\Users\mahan\Desktop\Code\\RAVDEES\\Actor_09/03-01-02-02-02-01-09.wav
491,male,calm,9,C:\Users\mahan\Desktop\Code\\RAVDEES\\Actor_09/03-01-02-02-02-02-09.wav
492,male,happy,9,C:\Users\mahan\Desktop\Code\\RAVDEES\\Actor_09/03-01-03-01-01-01-09.wav
493,male,happy,9,C:\Users\mahan\Desktop\Code\\RAVDEES\\Actor_09/03-01-03-01-01-02-09.wav
494,male,happy,9,C:\Users\mahan\Desktop\Code\\RAVDEES\\Actor_09/03-01-03-01-02-01-09.wav
495,male,happy,9,C:\Users\mahan\Desktop\Code\\RAVDEES\\Actor_09/03-01-03-01-02-02-09.wav
496,male,happy,9,C:\Users\mahan\Desktop\Code\\RAVDEES\\Actor_09/03-01-03-02-01-01-09.wav
497,male,happy,9,C:\Users\mahan\Desktop\Code\\RAVDEES\\Actor_09/03-01-03-02-01-02-09.wav
498,male,happy,9,C:\Users\mahan\Desktop\Code\\RAVDEES\\Actor_09/03-01-03-02-02-01-09.wav
499,male,happy,9,C:\Users\mahan\Desktop\Code\\RAVDEES\\Actor_09/03-01-03-02-02-02-09.wav
500,male,sad,9,C:\Users\mahan\Desktop\Code\\RAVDEES\\Actor_09/03-01-04-01-01-01-09.wav
501,male,sad,9,C:\Users\mahan\Desktop\Code\\RAVDEES\\Actor_09/03-01-04-01-01-02-09.wav
502,male,sad,9,C:\Users\mahan\Desktop\Code\\RAVDEES\\Actor_09/03-01-04-01-02-01-09.wav
503,male,sad,9,C:\Users\mahan\Desktop\Code\\RAVDEES\\Actor_09/03-01-04-01-02-02-09.wav
504,male,sad,9,C:\Users\mahan\Desktop\Code\\RAVDEES\\Actor_09/03-01-04-02-01-01-09.wav
505,male,sad,9,C:\Users\mahan\Desktop\Code\\RAVDEES\\Actor_09/03-01-04-02-01-02-09.wav
506,male,sad,9,C:\Users\mahan\Desktop\Code\\RAVDEES\\Actor_09/03-01-04-02-02-01-09.wav
507,male,sad,9,C:\Users\mahan\Desktop\Code\\RAVDEES\\Actor_09/03-01-04-02-02-02-09.wav
508,male,angry,9,C:\Users\mahan\Desktop\Code\\RAVDEES\\Actor_09/03-01-05-01-01-01-09.wav
509,male,angry,9,C:\Users\mahan\Desktop\Code\\RAVDEES\\Actor_09/03-01-05-01-01-02-09.wav
510,male,angry,9,C:\Users\mahan\Desktop\Code\\RAVDEES\\Actor_09/03-01-05-01-02-01-09.wav
511,male,angry,9,C:\Users\mahan\Desktop\Code\\RAVDEES\\Actor_09/03-01-05-01-02-02-09.wav
512,male,angry,9,C:\Users\mahan\Desktop\Code\\RAVDEES\\Actor_09/03-01-05-02-01-01-09.wav
513,male,angry,9,C:\Users\mahan\Desktop\Code\\RAVDEES\\Actor_09/03-01-05-02-01-02-09.wav
514,male,angry,9,C:\Users\mahan\Desktop\Code\\RAVDEES\\Actor_09/03-01-05-02-02-01-09.wav
515,male,angry,9,C:\Users\mahan\Desktop\Code\\RAVDEES\\Actor_09/03-01-05-02-02-02-09.wav
516,male,fear,9,C:\Users\mahan\Desktop\Code\\RAVDEES\\Actor_09/03-01-06-01-01-01-09.wav
517,male,fear,9,C:\Users\mahan\Desktop\Code\\RAVDEES\\Actor_09/03-01-06-01-01-02-09.wav
518,male,fear,9,C:\Users\mahan\Desktop\Code\\RAVDEES\\Actor_09/03-01-06-01-02-01-09.wav
519,male,fear,9,C:\Users\mahan\Desktop\Code\\RAVDEES\\Actor_09/03-01-06-01-02-02-09.wav
520,male,fear,9,C:\Users\mahan\Desktop\Code\\RAVDEES\\Actor_09/03-01-06-02-01-01-09.wav
521,male,fear,9,C:\Users\mahan\Desktop\Code\\RAVDEES\\Actor_09/03-01-06-02-01-02-09.wav
522,male,fear,9,C:\Users\mahan\Desktop\Code\\RAVDEES\\Actor_09/03-01-06-02-02-01-09.wav
523,male,fear,9,C:\Users\mahan\Desktop\Code\\RAVDEES\\Actor_09/03-01-06-02-02-02-09.wav
524,male,disgust,9,C:\Users\mahan\Desktop\Code\\RAVDEES\\Actor_09/03-01-07-01-01-01-09.wav
525,male,disgust,9,C:\Users\mahan\Desktop\Code\\RAVDEES\\Actor_09/03-01-07-01-01-02-09.wav
526,male,disgust,9,C:\Users\mahan\Desktop\Code\\RAVDEES\\Actor_09/03-01-07-01-02-01-09.wav
527,male,disgust,9,C:\Users\mahan\Desktop\Code\\RAVDEES\\Actor_09/03-01-07-01-02-02-09.wav
528,male,disgust,9,C:\Users\mahan\Desktop\Code\\RAVDEES\\Actor_09/03-01-07-02-01-01-09.wav
529,male,disgust,9,C:\Users\mahan\Desktop\Code\\RAVDEES\\Actor_09/03-01-07-02-01-02-09.wav
530,male,disgust,9,C:\Users\mahan\Desktop\Code\\RAVDEES\\Actor_09/03-01-07-02-02-01-09.wav
531,male,disgust,9,C:\Users\mahan\Desktop\Code\\RAVDEES\\Actor_09/03-01-07-02-02-02-09.wav
532,male,surprise,9,C:\Users\mahan\Desktop\Code\\RAVDEES\\Actor_09/03-01-08-01-01-01-09.wav
533,male,surprise,9,C:\Users\mahan\Desktop\Code\\RAVDEES\\Actor_09/03-01-08-01-01-02-09.wav
534,male,surprise,9,C:\Users\mahan\Desktop\Code\\RAVDEES\\Actor_09/03-01-08-01-02-01-09.wav
535,male,surprise,9,C:\Users\mahan\Desktop\Code\\RAVDEES\\Actor_09/03-01-08-01-02-02-09.wav
536,male,surprise,9,C:\Users\mahan\Desktop\Code\\RAVDEES\\Actor_09/03-01-08-02-01-01-09.wav
537,male,surprise,9,C:\Users\mahan\Desktop\Code\\RAVDEES\\Actor_09/03-01-08-02-01-02-09.wav
538,male,surprise,9,C:\Users\mahan\Desktop\Code\\RAVDEES\\Actor_09/03-01-08-02-02-01-09.wav
539,male,surprise,9,C:\Users\mahan\Desktop\Code\\RAVDEES\\Actor_09/03-01-08-02-02-02-09.wav
540,female,neutral,10,C:\Users\mahan\Desktop\Code\\RAVDEES\\Actor_10/03-01-01-01-01-01-10.wav
541,female,neutral,10,C:\Users\mahan\Desktop\Code\\RAVDEES\\Actor_10/03-01-01-01-01-02-10.wav
542,female,neutral,10,C:\Users\mahan\Desktop\Code\\RAVDEES\\Actor_10/03-01-01-01-02-01-10.wav
543,female,neutral,10,C:\Users\mahan\Desktop\Code\\RAVDEES\\Actor_10/03-01-01-01-02-02-10.wav
544,female,calm,10,C:\Users\mahan\Desktop\Code\\RAVDEES\\Actor_10/03-01-02-01-01-01-10.wav
545,female,calm,10,C:\Users\mahan\Desktop\Code\\RAVDEES\\Actor_10/03-01-02-01-01-02-10.wav
546,female,calm,10,C:\Users\mahan\Desktop\Code\\RAVDEES\\Actor_10/03-01-02-01-02-01-10.wav
547,female,calm,10,C:\Users\mahan\Desktop\Code\\RAVDEES\\Actor_10/03-01-02-01-02-02-10.wav
548,female,calm,10,C:\Users\mahan\Desktop\Code\\RAVDEES\\Actor_10/03-01-02-02-01-01-10.wav
549,female,calm,10,C:\Users\mahan\Desktop\Code\\RAVDEES\\Actor_10/03-01-02-02-01-02-10.wav
550,female,calm,10,C:\Users\mahan\Desktop\Code\\RAVDEES\\Actor_10/03-01-02-02-02-01-10.wav
551,female,calm,10,C:\Users\mahan\Desktop\Code\\RAVDEES\\Actor_10/03-01-02-02-02-02-10.wav
552,female,happy,10,C:\Users\mahan\Desktop\Code\\RAVDEES\\Actor_10/03-01-03-01-01-01-10.wav
553,female,happy,10,C:\Users\mahan\Desktop\Code\\RAVDEES\\Actor_10/03-01-03-01-01-02-10.wav
554,female,happy,10,C:\Users\mahan\Desktop\Code\\RAVDEES\\Actor_10/03-01-03-01-02-01-10.wav
555,female,happy,10,C:\Users\mahan\Desktop\Code\\RAVDEES\\Actor_10/03-01-03-01-02-02-10.wav
556,female,happy,10,C:\Users\mahan\Desktop\Code\\RAVDEES\\Actor_10/03-01-03-02-01-01-10.wav
557,female,happy,10,C:\Users\mahan\Desktop\Code\\RAVDEES\\Actor_10/03-01-03-02-01-02-10.wav
558,female,happy,10,C:\Users\mahan\Desktop\Code\\RAVDEES\\Actor_10/03-01-03-02-02-01-10.wav
559,female,happy,10,C:\Users\mahan\Desktop\Code\\RAVDEES\\Actor_10/03-01-03-02-02-02-10.wav
560,female,sad,10,C:\Users\mahan\Desktop\Code\\RAVDEES\\Actor_10/03-01-04-01-01-01-10.wav
561,female,sad,10,C:\Users\mahan\Desktop\Code\\RAVDEES\\Actor_10/03-01-04-01-01-02-10.wav
562,female,sad,10,C:\Users\mahan\Desktop\Code\\RAVDEES\\Actor_10/03-01-04-01-02-01-10.wav
563,female,sad,10,C:\Users\mahan\Desktop\Code\\RAVDEES\\Actor_10/03-01-04-01-02-02-10.wav
564,female,sad,10,C:\Users\mahan\Desktop\Code\\RAVDEES\\Actor_10/03-01-04-02-01-01-10.wav
565,female,sad,10,C:\Users\mahan\Desktop\Code\\RAVDEES\\Actor_10/03-01-04-02-01-02-10.wav
566,female,sad,10,C:\Users\mahan\Desktop\Code\\RAVDEES\\Actor_10/03-01-04-02-02-01-10.wav
567,female,sad,10,C:\Users\mahan\Desktop\Code\\RAVDEES\\Actor_10/03-01-04-02-02-02-10.wav
568,female,angry,10,C:\Users\mahan\Desktop\Code\\RAVDEES\\Actor_10/03-01-05-01-01-01-10.wav
569,female,angry,10,C:\Users\mahan\Desktop\Code\\RAVDEES\\Actor_10/03-01-05-01-01-02-10.wav
570,female,angry,10,C:\Users\mahan\Desktop\Code\\RAVDEES\\Actor_10/03-01-05-01-02-01-10.wav
571,female,angry,10,C:\Users\mahan\Desktop\Code\\RAVDEES\\Actor_10/03-01-05-01-02-02-10.wav
572,female,angry,10,C:\Users\mahan\Desktop\Code\\RAVDEES\\Actor_10/03-01-05-02-01-01-10.wav
573,female,angry,10,C:\Users\mahan\Desktop\Code\\RAVDEES\\Actor_10/03-01-05-02-01-02-10.wav
574,female,angry,10,C:\Users\mahan\Desktop\Code\\RAVDEES\\Actor_10/03-01-05-02-02-01-10.wav
575,female,angry,10,C:\Users\mahan\Desktop\Code\\RAVDEES\\Actor_10/03-01-05-02-02-02-10.wav
576,female,fear,10,C:\Users\mahan\Desktop\Code\\RAVDEES\\Actor_10/03-01-06-01-01-01-10.wav
577,female,fear,10,C:\Users\mahan\Desktop\Code\\RAVDEES\\Actor_10/03-01-06-01-01-02-10.wav
578,female,fear,10,C:\Users\mahan\Desktop\Code\\RAVDEES\\Actor_10/03-01-06-01-02-01-10.wav
579,female,fear,10,C:\Users\mahan\Desktop\Code\\RAVDEES\\Actor_10/03-01-06-01-02-02-10.wav
580,female,fear,10,C:\Users\mahan\Desktop\Code\\RAVDEES\\Actor_10/03-01-06-02-01-01-10.wav
581,female,fear,10,C:\Users\mahan\Desktop\Code\\RAVDEES\\Actor_10/03-01-06-02-01-02-10.wav
582,female,fear,10,C:\Users\mahan\Desktop\Code\\RAVDEES\\Actor_10/03-01-06-02-02-01-10.wav
583,female,fear,10,C:\Users\mahan\Desktop\Code\\RAVDEES\\Actor_10/03-01-06-02-02-02-10.wav
584,female,disgust,10,C:\Users\mahan\Desktop\Code\\RAVDEES\\Actor_10/03-01-07-01-01-01-10.wav
585,female,disgust,10,C:\Users\mahan\Desktop\Code\\RAVDEES\\Actor_10/03-01-07-01-01-02-10.wav
586,female,disgust,10,C:\Users\mahan\Desktop\Code\\RAVDEES\\Actor_10/03-01-07-01-02-01-10.wav
587,female,disgust,10,C:\Users\mahan\Desktop\Code\\RAVDEES\\Actor_10/03-01-07-01-02-02-10.wav
588,female,disgust,10,C:\Users\mahan\Desktop\Code\\RAVDEES\\Actor_10/03-01-07-02-01-01-10.wav
589,female,disgust,10,C:\Users\mahan\Desktop\Code\\RAVDEES\\Actor_10/03-01-07-02-01-02-10.wav
590,female,disgust,10,C:\Users\mahan\Desktop\Code\\RAVDEES\\Actor_10/03-01-07-02-02-01-10.wav
591,female,disgust,10,C:\Users\mahan\Desktop\Code\\RAVDEES\\Actor_10/03-01-07-02-02-02-10.wav
592,female,surprise,10,C:\Users\mahan\Desktop\Code\\RAVDEES\\Actor_10/03-01-08-01-01-01-10.wav
593,female,surprise,10,C:\Users\mahan\Desktop\Code\\RAVDEES\\Actor_10/03-01-08-01-01-02-10.wav
594,female,surprise,10,C:\Users\mahan\Desktop\Code\\RAVDEES\\Actor_10/03-01-08-01-02-01-10.wav
595,female,surprise,10,C:\Users\mahan\Desktop\Code\\RAVDEES\\Actor_10/03-01-08-01-02-02-10.wav
596,female,surprise,10,C:\Users\mahan\Desktop\Code\\RAVDEES\\Actor_10/03-01-08-02-01-01-10.wav
597,female,surprise,10,C:\Users\mahan\Desktop\Code\\RAVDEES\\Actor_10/03-01-08-02-01-02-10.wav
598,female,surprise,10,C:\Users\mahan\Desktop\Code\\RAVDEES\\Actor_10/03-01-08-02-02-01-10.wav
599,female,surprise,10,C:\Users\mahan\Desktop\Code\\RAVDEES\\Actor_10/03-01-08-02-02-02-10.wav
